name,description,price_usd,category,image_url,page_url,primary_button_label,secondary_button_label,secondary_button_url
PULSE Arc,"Curved-screen smartwatch with a 1.4"" 600-nit AMOLED display, 7-day battery, IP68, and real-time ECG and SpO2. 40 mm or 44 mm, Midnight.",249,Smartwatches,https://pulse-portal-ivory.vercel.app/media_1fa58945572445d2b9bfc2d642d4a497af1c54ba9.png,https://pulse-portal-ivory.vercel.app/product-details,View PULSE Arc,All products,https://pulse-portal-ivory.vercel.app/product-discovery
PULSE Loop,"Grade-5 titanium smart ring with 7-day battery, 100 m water rating, and HRV, skin temperature, SpO2 and sleep-stage tracking. No screen.",199,Rings,https://pulse-portal-ivory.vercel.app/media_1512711ff3affa66d4ecb7b4a1c26253a4e9019f1.png,https://pulse-portal-ivory.vercel.app/pulse-loop,View PULSE Loop,All products,https://pulse-portal-ivory.vercel.app/product-discovery
PULSE Band Neo,"19 g band with a 1.1"" AMOLED touch strip, 5-day battery and 5ATM water resistance. Six neon strap finishes, swapped in seconds.",129,Bands,https://pulse-portal-ivory.vercel.app/media_1872ab27825301e75d12fc45b3b8db368509d5f27.png,https://pulse-portal-ivory.vercel.app/pulse-band-neo,View PULSE Band Neo,All products,https://pulse-portal-ivory.vercel.app/product-discovery
PULSE Vision AR,"58 g titanium AR glasses with dual 4K micro-OLED waveguides, 12-hour battery, IP68, and ECG, SpO2 and ambient-light sensors.",499,AR Glasses,https://pulse-portal-ivory.vercel.app/media_17e4fd20f5ddbc16a69df0ab771cb9f4657691c62.png,https://pulse-portal-ivory.vercel.app/pulse-vision-ar,View PULSE Vision AR,All products,https://pulse-portal-ivory.vercel.app/product-discovery
PULSE Arc Slim,"The Arc, thinner than ever. Sleek focus in a Midnight finish.",219,Smartwatches,https://pulse-portal-ivory.vercel.app/media_12a9fd7cdbfb33bb880b8884918d7254fb76f4b4e.png,https://pulse-portal-ivory.vercel.app/pulse-arc-slim,View PULSE Arc Slim,All products,https://pulse-portal-ivory.vercel.app/product-discovery
PULSE Loop Gold,"The Loop, in brushed gold. Elegance meets bio-tech.",229,Rings,https://pulse-portal-ivory.vercel.app/media_1a7645061d8d9ba1c5e26272d257386fedf4c2b7d.png,https://pulse-portal-ivory.vercel.app/pulse-loop-gold,View PULSE Loop Gold,All products,https://pulse-portal-ivory.vercel.app/product-discovery
PULSE Charge Dock,Fast wireless charging puck.,49,Accessories,https://pulse-portal-ivory.vercel.app/media_13e195cbd3bf827bc6ecc6a170c3e588a3539f679.png,https://pulse-portal-ivory.vercel.app/pulse-charge-dock,View PULSE Charge Dock,All products,https://pulse-portal-ivory.vercel.app/product-discovery
PULSE Loop Case,Travel case for your Loop.,29,Accessories,https://pulse-portal-ivory.vercel.app/media_147bcf87aabaf1077dd4831417cbb85d2e3a40b77.png,https://pulse-portal-ivory.vercel.app/pulse-loop-case,View PULSE Loop Case,All products,https://pulse-portal-ivory.vercel.app/product-discovery
PULSE Neo Straps,Neon strap 3-pack for PULSE Band Neo.,19,Accessories,https://pulse-portal-ivory.vercel.app/media_189ccaef6eb532c95dc1c1409aeca008ed7dc31c5.png,https://pulse-portal-ivory.vercel.app/pulse-neo-straps,View PULSE Neo Straps,All products,https://pulse-portal-ivory.vercel.app/product-discovery
PULSE Studio,Desk hub for your whole kit.,349,Accessories,https://pulse-portal-ivory.vercel.app/media_1870bc661c61a36c4de67e325c47856b02c2b6177.png,https://pulse-portal-ivory.vercel.app/pulse-studio,View PULSE Studio,All products,https://pulse-portal-ivory.vercel.app/product-discovery
